lot_id,original,story,base_mean,love_hint,source_url
1,"上上大吉
關關雎鳩，
在河之洲，
窈窕淑女，
君子好逑。",,此籤求謀。無不遂意。前通後達。百事如意。訟有理。婚必合。行人回。孕生男。風水利。病全安。凡事莫貪。靜處安身可也。,,https://www.manekineko.com.tw/blog/yuelao01
2,"中
落霞與孤鶩齊飛，
秋水共長天一色。",,“落霞與孤鶩齊飛，秋水共長天一色”表達了一種美好的氛圍。在愛情解讀上，可以表示兩人心靈相通，志趣相投，有著共同的目標和追求，共同飛翔在美好的愛情天空中。這籤也暗示著愛情需要平等和相互的尊重，只有這樣，愛情才能長久，如秋水般長流不息。,,https://www.manekineko.com.tw/blog/yuelao02
3,"上上大吉
宗廟享之，
子孫保之。
",,主要意思是“祖先的保佑將使你的後代受益”。在愛情中，這個簽可能意味著你的祖先在天上保佑你，幫助你尋找到一個真正合適的伴侶，或者保護你的愛情使其持久穩定。這個簽還可以提醒你，在你的愛情生活中要時刻銘記你的祖先和家族，珍惜你所擁有的感情，並且願意為它們付出努力和堅持。,,https://www.manekineko.com.tw/blog/yuelao03
4,"中
斯人也，
而有斯疾也。
斯人也，
而有斯疾也。",,這首詩意境深遠，可以從多個角度來理解。其中“斯人”和“斯疾”可能暗示了人類的生命遭遇困境與疾病的磨難，也可能是詩人對自己風流不羈的生活方式的反思和懊悔，具體解讀可以因人而異。,,https://www.manekineko.com.tw/blog/yuelao04
5,"上
逾東家牆而摟其處子，
則得妻。
不摟，
則不得妻。",,描述了一位男子渴望得到心儀女子的方法，描繪了一個具體的場景和行動，但這樣的行為並不被現代社會所鼓勵或接受，因為它侵犯了女性的自主權和尊嚴。因此，我們不應該從這一籤中學習愛情的方法，而應該尊重他人的意願，並遵從現代社會的道德觀念和法律法規。,,https://www.manekineko.com.tw/blog/yuelao05
6,"上吉
風弄竹聲，
只道金佩響。
月移花影，
疑是玉人來。",,月光移動，花影搖曳，讓人誤以為是心愛的人來了。春風吹拂，竹葉隨風搖晃，發出沙沙的聲音，就像遠處聽見了金屬飾品相互碰撞的聲響。日子一天天過去，當看到花影晃動時，心中忍不住猜想，是否是那心中所愛的人要來了。這些景象表明，您的好事已經快要到來。,,https://www.manekineko.com.tw/blog/yuelao06
7,"上
斯是陋室，唯吾德馨。",,,,https://www.manekineko.com.tw/blog/yuelao07
8,"中上
期我乎桑中，
要我乎上宮，
送我乎淇之上也。",,男女之間的婚姻是關乎一生幸福的重大決定。因此，絕不能以不正當或強迫的手段來達成目的。必須用正當的方式去贏得對方的心，並在彼此心甘情願的基礎上完成婚姻。如果違反這些原則，即使結合了，兩人也可能只是表面上的和諧，內心卻疏離不合。因此，千萬不要使用錯誤的方法，否則即使再好的姻緣，也會因此被破壞殆盡。,,https://www.manekineko.com.tw/blog/yuelao08
9,"下
則父母，
國人皆賤之。",,"如果父母像對待草木一樣對待你，輕視了你的意見。請反思自己作為子女，為何讓父母疏遠、唾棄、鄙視自己。
原因有很多，最大的原因是不慎交友。如果自己不小心，可能會造成終生遺憾，因此為人子女者，需謹慎交友，聽從父母及長輩或貴人的意見，同時我們必須謹慎行事。婚姻也是一樣，終生的伴侶必須謹慎選擇。",,https://www.manekineko.com.tw/blog/yuelao09
10,"上
有道是養兒防老，
積穀防饑。",,"自古以來有兩個重要的古訓。第一是養育子女是為了在老年時有個依靠，老了以後，子女可以照顧自己，讓老年生活更有樂趣。平常要節儉，用來積蓄糧食防備饑餓，尤其是養育子女，必須好好教育他們。第二是關於婚姻，結婚成為夫妻後，老年時也能互相照顧。
這兩個古訓強調了家庭的重要性，無論是子女還是伴侶，都在我們的生活中扮演著重要的角色。",,https://www.manekineko.com.tw/blog/yuelao10
11,"中平
自剪芭蕉寫佛經，金蓮無複印中庭
。
清風明月長相憶，玉管朱弦可要聽
，
多病不勝衣更薄，宿妝猶在酒初醒
。
衛星年違別成何事，臥看牽牛織女星
。",,"這段話描繪了一種追憶過往、幻想未來，但卻無濟於事的情景。就像一個多病的人，穿著單薄的衣服，醒來後仍然帶著昨夜醉酒的倦容。不如把握當下，養好自己的身體，有了健康的身體，自然也會有健全的志向隨之而來。只有這樣，才能迎接新的機會。
簡單來說：不要沉溺於過去或空想未來，珍惜當下，重視自己的健康，才能擁有美好的未來。",,https://www.manekineko.com.tw/blog/yuelao11
12,"中
一則以喜，
一則以懼。",,"塵世間的事情往往難以兩全其美，甚至十之八九不如意。在這樣反覆無常的世景下，我們應該如何面對呢？只有面對現實，對事情進行分析，取捨有度，不要奢求過多，也不要因小挫折而氣餒。
人生中難免會遇到不如意的事情，但我們需要冷靜分析，做出適當的選擇和取捨。放下過高的奢求，專注於當下的努力和提升，這樣才能在困境中找到出路，迎接新的機會。這段話提醒我們，面對現實、謹慎取捨，才是應對生活挑戰的關鍵。",,https://www.manekineko.com.tw/blog/yuelao12
13,"上
山窮水盡疑無路，
柳暗花明又一村。",,"在前方重重的山嶺中，當你感到已經無路可走之際，忽然出現了一個村莊。在心灰意冷、萬念俱灰的時候，峰迴路轉，帶來了一線生機，為你帶來了莫大的希望。這就是人的命運，你已經進入了好的境地，必定會有好運氣。
此籤描繪了在困境中出現轉機的情景，並提供了關於愛情的啟示。當你覺得愛情陷入困境、似乎無路可走時，這可能只是暫時的，轉機即將出現。不要放棄希望，相信下一個轉角可能會有花明柳暗的村莊在等待著你。在愛情中，困難和挑戰是無法避免的，但只要持續前行，就有可能迎來轉機和新的機會。",,https://www.manekineko.com.tw/blog/yuelao13
14,"上上
誰謂荼苦，
其甘如薺。
宴爾新婚，
如史如弟。",,"一個人的先入為主的觀念會影響對某物的喜愛與評價。例如，對於苦瓜或苦茶，儘管它們有苦味，但喜愛的人仍然會讚美它們的美味。選擇伴侶也是如此，愛情不應該有貴賤之分，應以愛為出發點，無論對方的社會地位或背景如何，都應該包容和關心。
在感情中，不要抱有先入為主的成見。真正的愛情應該超越貧富、階級和身份的差異，無論面對什麼困難，都能甘願付出而不抱怨。這樣的愛情能夠保持如新婚般的甜蜜。",,https://www.manekineko.com.tw/blog/yuelao14
15,"中
君子審禮，
不呆誣以奸詐。",,"君子行事一定要注重禮節，凡是知道言行失去禮節的，都要守正，不走歪門邪道。思想要高尚，格調要如冰清玉潔一般，這樣才會受人歡迎，且別人無法找到可乘之機來誣衊你。
簡單說，就是要保持高尚的品格和行為，不給別人誣衊你的機會，這樣才能贏得他人的尊重和信任。",,https://www.manekineko.com.tw/blog/yuelao15
16,"上上
意中人，
人中意，
則那些無情花鳥也情凝，
一般的解結枝頭學並棲。",,"這段話的意思是：只要盡力做好自己該做的事，必然會有好的結果。換句話說，當你和心愛的人真情流露時，連花鳥都會感受到這份情意。情到深處，自然而然會迎來好的緣分和機會。
總結來說，這段話強調了真情實意的重要性，只要用心對待，緣分和機會終會到來。",,https://www.manekineko.com.tw/blog/yuelao16
17,"中
德者本也，
財者未也。",,"古人說，一個人在世上最重要的事是立德、立言和立功。有德行的人不會看重財富。如果一個人有德行但卻重視財富，那他的德行就會隨之下降。財富是人生中必要的外在之物，但必須以正當的方式獲取，不應該貪取不義之財。因此，選擇女婿和妻子也應該依照這個原則。女婿應選擇品行端正的人，妻子應選擇賢淑的女子，千萬不要重財輕德，否則後果難以預料。
這段話強調了道德的重要性，無論是在選擇配偶還是在追求其他人生目標時，都應該將德行放在首位，避免被財富所迷惑。",,https://www.manekineko.com.tw/blog/yuelao17
18,"上
非獨內德茂也，
蓋亦以外感之助焉。",,"具有才能的人就像雄鷹藏爪一樣，不輕易展露自己的才華，因為他們學識豐富，品德高尚。然而，婚姻卻是不同的，如果心中喜歡對方，應該適度地展現自己的才能，來激發對方的信賴。隱瞞不露只會讓對方無所依據，甚至可能因此離開。
總結來說，這段話強調了在婚姻和愛情中，適度展示自己的優點是建立信任的關鍵，過度保留反而會造成障礙，甚至讓對方離去。",,https://www.manekineko.com.tw/blog/yuelao18
19,"中
或十年，
或七八年、
或五六年，
或三四年。",,"無論是五六年，還是三四年，這些都是時間的表示。你和她的緣分需要時間來成就，可能需要三四年，甚至六年、七八年，甚至十年不等。當提到這段緣分時，可能因為時間、空間、事業或學業的關係而分開。有了某種契機，可能會有急劇的轉變，但這樣的變化也可能會帶來不確定性，因此需要耐心等待。
總結來說，這段話強調了愛情和緣分需要時間和耐心，可能會有不確定的變化，但只要堅持，最終會有好的結果。",,https://www.manekineko.com.tw/blog/yuelao19
20,"上
何如，
子曰，
可也。",,"如果有人問：這樣的問題該如何解決？可以回答說：可以這樣做。問誰呢？可以請教我的師長，他們的建議可以作為你的指南，堅定地去做。婚姻也是如此，當下你正在交往的人是否合適，還是請教長輩，在他們的眼中，合適的人就可以接受。
簡單來說，這段話強調了向長輩和師長請教的重要性，無論是在解決問題還是選擇伴侶方面，他們的經驗和建議都是有價值的。",,https://www.manekineko.com.tw/blog/yuelao20
21,"上上
十畝之間兮，
桑者閒閒兮。",,"以前家裡只有五畝田，種植桑麻，家庭也能三餐溫飽。如今已有十畝田可以種植桑麻，生活自然更加寬裕和穩定。然而，應該淡泊名利，生活才能快樂，否則會招致天譴。
簡單來說，就是提醒人們在生活變得寬裕和穩定後，不要過於追求名利，保持淡泊的心態，才能真正享受生活的樂趣。",,https://www.manekineko.com.tw/blog/yuelao21
22,"上上大吉
久旱逢甘雨，
他鄉遇故知，
洞房花燭夜，
金榜掛名時。",,"這句話的意思是：大吉大利的情景，平時所說的雙喜臨門已經很少見了，如今有四喜臨門，真是世間罕有的福氣。五福臨門，那更是無與倫比的好運。
這些象徵著在生活中接連遇到好事，幸福和福氣層層堆疊，給人帶來無盡的喜悅和滿足。真是值得慶賀的好運氣！",,https://www.manekineko.com.tw/blog/yuelao22
23,"中
只一點故情留，
直似春蠶到老，
尚把絲抽。",,"那個人對你示愛，而你為他的情感所迷惑，像春蠶一樣固執不變。然而，感情不必如此痴迷。凡事要遵守中庸之道，不必陷入死心塌地的境地，這點必須知道。要懂得自重。
總結來說，就是提醒我們在面對感情時，要保持理性，不要過於沉迷，要有自己的原則和尊重自己。",,https://www.manekineko.com.tw/blog/yuelao23
24,"中
他思已窮，
恨不窮，
是為嬌鸞鶵鳳失雌雄。",,這支籤描述了一段感情走到盡頭，無法挽回的情景。「他思已窮」意指對方的感情或心意已經冷卻，再無轉圜的餘地；「恨不窮」則是另一方仍心存執念，無法釋懷，愛恨糾纏，令人心痛。「嬌鸞鶵鳳失雌雄」象徵一對原本和諧的愛侶，因某些原因失去了彼此，最終分離。這籤暗示感情上可能出現無法彌補的裂痕，需審慎面對。,,https://www.manekineko.com.tw/blog/yuelao24
25,"上
可妻也。",,"這人是個好伴侶，可以娶嫁為妻。儘管目前還有一些小問題存在，但都是瑣碎的，不必擔心。事情一旦成了好事，將來一定會幸福美滿，白頭偕老。
總結來說，就是鼓勵人們不要因為一些小問題而擔心，因為真愛會戰勝一切，最終幸福美滿地一起走到白頭。",,https://www.manekineko.com.tw/blog/yuelao25
26,"上上
維熊維罷，
男子之祥。
維虺維蛇，
女子之祥。",,"男性夢中見到熊、羆等動物，這是吉祥的預兆，意味著將來會有飛黃騰達的日子。女性夢中見到虺蛇，也是祥兆，象徵著好運即將到來。這首詩告訴我們，生男孩會成為大英雄，生女孩會成為賢淑的女子。
這段話通過夢境預示了好運和成功，也給予了對未來的美好期許。",,https://www.manekineko.com.tw/blog/yuelao26
27,"上平
有宗室之美。",,"你應該知道，不能依仗自己是貴族出身。時代已經變遷，沒有高低貴賤之分，所有人都是平等的。人從出生就是平等的，沒有貴賤之分。因此，你在尋找伴侶時，應該從普通人中尋找。古人強調門當戶對，但如今的觀念已經不同，應該以愛心和緣分為重。
總結來說，就是提醒我們在尋找伴侶時，不要拘泥於出身和地位，而應該以愛心和緣分為基礎，尊重平等。",,https://www.manekineko.com.tw/blog/yuelao27
28,"上
夫婦也，昆弟也。",,"在婚姻或情感中，這首籤預示著雙方如同家人般的深厚關係，強調和睦、包容和彼此支持。夫妻之間應如兄弟姐妹般互相扶持，而兄弟姐妹之間也應該像夫妻一樣，互相理解與信任。
總結來說，這段話強調了夫妻之間應該互相尊重、支持，並且決心共同走過人生的風雨，這樣才能達到幸福美滿的境地。",,https://www.manekineko.com.tw/blog/yuelao28
29,"中平
有意栽花花不發，
無心插柳柳成蔭。",,努力種花卻不開花，而不經意插下的柳樹反而茂密成蔭。這個籤意在提醒你，愛情和人際關係有時候需要順其自然，過度的計畫與刻意的追求可能不會帶來預期的結果，反倒是無心插柳的時候，卻可能有意外的收穫。,,https://www.manekineko.com.tw/blog/yuelao29
30,"中
話別無長夜，相思又此春。
瑤姬不可見，巫峽更何人。
運石疑填海，乘槎欲問津。",,"彼此道別後，漫漫長夜中相思不斷，期盼來年春天再見。但這份愛似乎遙不可及，對方如仙子般遠在天邊無法相見，即使心中渴望找到相會的機會，卻如同填海的艱難，令人倍感無助。
這首籤詩描繪了離別、思念與求而不得的情感。詩句中「話別無長夜，相思又此春」表達了離別之後的孤寂與對愛人的深切思念，而「瑤姬不可見，巫峽更何人」則暗示了心中所愛的遙遠難求，彷彿愛情無法輕易獲得。「運石疑填海」與「乘槎欲問津」表達了渴望突破困境的努力，卻感到希望渺茫。整體來看，此籤預示著情感上的波折與求而不得的失落，提醒人們在感情中要調整心態，不要因短暫的阻礙而心生灰意。",,https://www.manekineko.com.tw/blog/yuelao30
31,"中吉
設虛，夜靜水寒，魚不餌。
笑滿船空載明月。",,這首籤詩表達了一種理想與現實落差的意境。詩句中的「設虛」指的是設置魚餌等待魚上鉤，然而夜深水寒，魚卻不願上鉤，讓人徒勞而返。雖然滿船空無一物，卻載滿了明月的清光。這段籤詩寓意著努力未必有即時的回報，追求的結果可能不盡如人意，但內心的收穫與欣賞過程中的美好依然存在。籤詩提醒人們在追求愛情或事業時，不要執著於短期的成果，學會欣賞沿途的風景與過程中的美好。,,https://www.manekineko.com.tw/blog/yuelao31
32,"上
因荷而得藕，有杏不須梅。",,此籤詩的意思是，因為有荷花才能得到蓮藕，有了杏子就不需要再尋求梅子了。籤詩傳遞了一種知足常樂的智慧，暗示著你已經擁有了所需要的，不必再追求其他的選擇。它提醒人們要珍惜眼前已有的緣分和美好，不必為了追求更多或不同的目標而忽略了當下。,,https://www.manekineko.com.tw/blog/yuelao32
33,"上上
可以托六尺之孤，可以寄百里之命。",,此籤詩表達了一種穩固且值得信賴的緣分。「可以托六尺之孤」意指對方有足夠的責任心和可靠性，可以託付孩子，「可以寄百里之命」則象徵對方有能力保護和扶持你的人生。這首籤詩代表了真摯且深厚的感情基礎，強調信任和承諾，無論是愛情、友情還是家庭關係，都是可以長久依靠的。,,https://www.manekineko.com.tw/blog/yuelao33
34,"中平
仍舊貫，如之何？
何必改作？",,"這句籤詩是在告訴你目前的情況其實很穩定，不需要特意去改變，維持當下的狀態反而更適合。即便遇到小問題也無需慌亂，因為目前的關係或狀況是有其內在價值的。籤詩鼓勵你珍惜眼前的一切，不要急於求新，保持現狀可能是更好的選擇，
此籤的核心在於「因循舊法」與「改變現狀」之間的矛盾，認為當前的情況可能並無大礙。籤詩表達出一種保守的觀點，若貿然改變，可能帶來不必要的麻煩或風險。",,https://www.manekineko.com.tw/blog/yuelao34
35,"下
遇人之不淑矣。",,此籤意指感情路上可能會遇到品行不端或不適合的對象，甚至可能因為對方的缺陷或不良行為而受到傷害。「不淑」暗指對方的品性、行為或對待感情的態度不佳，並非良配。籤文提醒，當對方不符合期望或有不良表現時，應理智處理，避免因感情迷失方向。,,https://www.manekineko.com.tw/blog/yuelao35
36,"上
投我以木桃，報之以瓊瑤。",,這句籤詩表示對方對你付出真誠，而你也應該以相同或更深的感情回報，雙方互相支持，關係自然會更加穩定長久。這段關係不僅僅是單方面的付出，而是互相的愛與關懷，形成良好的循環，為彼此帶來幸福。,,https://www.manekineko.com.tw/blog/yuelao36
37,"中
求則得之，舍則失之。",,籤詩鼓勵你積極追求想要的東西，若願意努力，機會和成就便會隨之而來；若心生退意而選擇放手，則可能會與成果失之交臂。感情和生活中的美好往往需要主動去爭取，過度的退縮只會讓機會流失。,,https://www.manekineko.com.tw/blog/yuelao37
38,"上吉
妻焉者，親之主也。",,籤詩指出配偶在感情生活中具關鍵角色，兩人彼此的信任與扶持是幸福的基礎。無論是否已婚，此籤都是鼓勵對方珍惜眼前的緣分。它也暗示對象是心靈契合之人，兩人攜手共度未來，感情會更加深厚。,,https://www.manekineko.com.tw/blog/yuelao38
39,"上
不得乎親，
不可以為人。
不順乎親，
不可以為子。",,"：
籤詩強調了親情在生活中的重要性，表示若與親人不和諧，就難以成為一個完整、幸福的人。籤詩提醒在人生或感情的發展中，應首先重視與家人、長輩的關係，並獲得他們的支持，因為這些祝福將成為你幸福的基石。對於姻緣，籤詩暗示若希望感情順利，則需要獲得家庭的支持，家人的祝福將讓這段關係更加穩定長久。",,https://www.manekineko.com.tw/blog/yuelao39
40,"中
踏破鐵鞋無覓處，得來全不費功夫。",,這句籤詩描述了一種在尋找某事時，經歷了長時間的努力與困難，卻未能成功，然而當不再刻意追求時，結果反而輕鬆得來的情況。這暗示著在人生或感情的道路上，當一切都看似困難重重時，不妨放鬆心態，反而可能會不經意間收穫驚喜。姻緣方面，此籤暗示愛情會在你最意想不到的時候來臨，不必過於強求或著急。,,https://www.manekineko.com.tw/blog/yuelao40
41,"上平
良人者，
所仰望而終身也，
今若此。",,籤詩表達的是對理想伴侶的期盼和憧憬，強調「良人」是一個可以相伴終身的人，也是命中注定的良緣。籤詩的意思是，你一直所期待的那個人終於出現了，這是一段可以讓你滿足一生的感情。無論是正在尋找愛情的人，還是已經有對象的人，這籤詩都是一個好兆頭，暗示著你即將遇到或已經擁有理想的伴侶，這段關係將帶來長久的幸福。,,https://www.manekineko.com.tw/blog/yuelao41
42,"中
重重迭迭上瑤台，
幾度呼童掃不開，
剛被太陽收拾去，
卻教明月送將來。",,這首籤詩描述了反覆的波折和不斷變化的情勢。瑤台象徵高處或美好的境地，但到達這樣的境界卻困難重重，試圖清除障礙（呼童掃不開）也未能成功。然而，當事情看似有所好轉（太陽收拾去），另一波挑戰卻隨著明月再次到來。這暗示在人生或感情上，可能會經歷反覆的波折，事情時而有望解決，時而又有新問題出現。籤詩提醒需要保持耐心和韌性，最終問題仍然有機會在適當的時機化解。,,https://www.manekineko.com.tw/blog/yuelao42
43,"上吉
君子有援勤之桃，淑女無投梭之拒。",,"這首籤詩描繪了一段充滿真誠與回應的感情。第一句「君子有援勤之桃」指出在感情中，君子（男性）表現出不懈的努力和真誠的追求，正如桃樹結出碩果，象徵男性在感情中的付出是誠懇且持續的。第二句「淑女無投梭之拒」則指的是淑女（女性）並不會拒絕這份情感，而是願意接受這份愛，與之共鳴。投梭的典故源於織布時的動作，象徵著女性願意投入與回應這段感情，這預示著雙方心意相通，情感發展順遂。籤詩的吉祥預兆強調了彼此之間的吸引力和默契，是一段相互理解、相互扶持的關係。
籤詩的意涵直白卻充滿深情，描述了感情中的良好互動。男性的一片赤誠終將打動女性，雙方都會以真誠的心來回應彼此，並不會遭遇冷淡或拒絕。這是一個「天時地利人和」的預兆，表示彼此之間的緣分已然成熟，關係將能自然、順利地推進。感情中的障礙不多，只要雙方保持真心，這段關係就有穩定長久的基礎。",,https://www.manekineko.com.tw/blog/yuelao43
44,"上
遐邇一體，率賓舊王。",,"這首籤詩表達的是「遐邇一體」的思想，意思是無論距離多遠，彼此心靈相通，沒有任何阻隔。「率賓舊王」則象徵著誠心誠意地迎接一位值得尊敬的人，或是一段值得珍惜的關係。這籤詩預示著感情或關係上的和諧與融合，無論是時間、空間或其他阻隔，雙方最終都會回到一起，達成心靈的共鳴與理解。
籤詩中的「遐邇」不僅指空間上的距離，也可以象徵心理或感情上的差異或隔閡，而「一體」則代表最終能達成和解或共識。因此，這首籤詩暗示著即使兩人之間存在距離或誤會，只要雙方真誠相待，便能克服困難，重新走到一起。",,https://www.manekineko.com.tw/blog/yuelao44
45,"上
後生可畏，
焉知來者之不如今也。",,此籤詩意在強調「未來可期」，提醒人們不要輕視年輕一代，因為未來的成就未可限量。對於感情而言，這籤詩鼓勵人們抱持信心和耐心，無論目前情況如何，未來皆有希望和提升的空間。這段姻緣可能會在時間的推移中更加美好或穩定，並且可能遇到更適合的人或情感機會，帶來新的發展和突破。,,https://www.manekineko.com.tw/blog/yuelao45
46,"中上
不愧於天，
不怍於人。",,此籤詩強調「問心無愧，無愧於天」的道理，表達了正直和真誠的重要性。在感情方面，籤詩提醒無論在追求戀愛、維持感情或面對分歧時，都應該憑良心行事，保持坦誠與正直。無愧於心的感情才能長久，無論結果如何，內心不會因遺憾而悔恨。,,https://www.manekineko.com.tw/blog/yuelao46
47,"中
害女紅者也。",,此籤詩中的「害女紅」意指對女性的心境或情緒造成不利影響。這籤暗示當前的感情狀態可能因某些外部因素或內心的煩惱而變得困難或不穩定，容易帶來煩惱或內心的掙扎。它提醒求籤人要注意身邊可能的干擾或不良影響，避免因為一時的情緒或壓力而做出後悔的決定。在感情中保持冷靜和清晰的判斷尤為重要，以免受到負面情緒影響，破壞感情的發展。,,https://www.manekineko.com.tw/blog/yuelao47
48,"上吉
五百英雄都在此，
不知誰是狀元郎？",,此籤意指優秀之人眾多，但最為出色、值得託付終身的那一位尚未明朗。這暗示在感情路上，可能遇到不少合適的對象或機會，但真正適合的伴侶需要用心辨別和耐心等待。此籤傳達出「眾中求一」的寓意，提醒求籤人不要因選擇多而心生迷茫，而是要專注於真心相對的人，以智慧挑選出那位值得自己託付終生的對象。,,https://www.manekineko.com.tw/blog/yuelao48
49,"上平
故好而知其惡，
惡而知其美者。",,籤詩意指愛情中既要看到對方的優點，也要包容其缺點。無論多麼合適的伴侶，都有優缺點並存的部分，能夠欣賞對方的美好並接納彼此的不足，才是長久之道。這籤語提醒求籤人在感情上要擁有全面的視角，不要只被表面優點吸引或因一點瑕疵而急於否定，唯有平衡地看待彼此，才能達成穩固的關係。,,https://www.manekineko.com.tw/blog/yuelao49
50,"中
兩世一身，
形單影支。",,此籤描繪了一種孤寂的情感狀態，似乎暗示求籤人可能正經歷孤單的情感旅程。詩意中的「兩世一身」象徵著過去的緣分依舊牽繫著現在的情感，卻未能擺脫孤單。而「形單影支」則強調了單身獨處的處境，彷彿沒有合適的伴侶在身邊。籤詩提醒你應學會放下過去的牽掛或孤寂，以便迎接新的情感機遇。,,https://www.manekineko.com.tw/blog/yuelao50
51,"上
雖有善者，
亦無如之何矣。",,籤詩傳達一種無奈感，暗示即使身邊有善意之人幫助，現狀卻難以因外力得到顯著改變。無論是朋友的支持，還是伴侶的陪伴，最終可能仍無法解決根本問題。籤詩提醒求籤者需要依靠自己，擁抱現實，尋找內在力量，面對並適應不可改變的情況，這樣才能在情感或生活困境中走出一條路。,,https://www.manekineko.com.tw/blog/yuelao51
52,"上上大吉
雲從龍，
風從虎，
聖人作而萬，
君萬事皆可成也！",,此籤顯示出一種勢不可擋、萬事順遂的吉兆。「雲從龍，風從虎」喻指天地萬物各自找到契合的伴侶、相互呼應，產生強大的力量，象徵著良好的天時地利人和，使得事情得以順利發展。「聖人作而萬」代表有高尚品德或智慧的人推動，讓一切得以順利進行，表示你擁有了極佳的時機與條件，任何心願皆能順遂達成，是個非常吉利的籤詩。,,https://www.manekineko.com.tw/blog/yuelao52
53,"上上
其所厚者薄，
而其所薄者厚。",,"籤詩揭示了人生中事物的反轉和出乎意料的變化。「其所厚者薄」指的是原本被重視、珍惜的事物或人，可能逐漸失去原有的重要性或地位；而「其所薄者厚」則意味著原本不被看重的事物，反而會變得更加重要，甚至在未來扮演舉足輕重的角色。這是一個強調變遷和意外反轉的籤詩，暗示著感情或生活中可能會出現意想不到的轉機，最終帶來全新的格局。
籤詩的精髓在於提醒人們在面對感情或人生的變化時，要保持開放的心態，不要過於執著於當下的得失或判斷。事情往往不會照著既定的方向發展，過程中可能會出現翻轉的情況，但這些變化未必是壞事，反而有可能是通向更好結果的契機。",,https://www.manekineko.com.tw/blog/yuelao53
54,"中
成也蕭何，
敗也蕭何。",,這句籤詩源自漢朝開國功臣蕭何的故事，蕭何是劉邦的謀士，既助其成功，又因其策略導致某些局勢動盪。此籤暗示，人生中的成敗得失可能都與同一個人或事件息息相關；有時賴以成功的因素，也會因時空改變而成為阻礙。此籤提醒求籤人要小心處理身邊的重要關係或事情，警惕過度依賴同一個人或某個關鍵因素，避免因對方的改變而陷入困境。,,https://www.manekineko.com.tw/blog/yuelao54
55,"上
不思舊姻，
求爾新君。",,不要再沉迷於過去的情感中，而應該著眼於新的感情對象。籤詩引導你向前看，對新的人生伴侶保持希望與期待。這支籤象徵著新生與改變，提醒你有能力迎接新的情緣，放下執念便能邁向新的幸福。,,https://www.manekineko.com.tw/blog/yuelao55
56,"上上
永老無離別，
萬古當團聚。
願天下有情人，
都成眷屬。",,這首籤詩祝福所有相愛的人，能夠永遠在一起、沒有分離，並且長久幸福。它寓意著愛情的圓滿和美好的未來。無論是正在追求幸福的路上，或已經擁有美滿感情的人，此籤都象徵著和諧、長久、充滿愛與希望的未來。,,https://www.manekineko.com.tw/blog/yuelao56
57,"上上
是謂鳳凰于飛，
和鳴鏘鏘。",,這首籤詩以鳳凰比翼雙飛、相互和鳴作為比喻，象徵著愛情中的伴侶心心相印、相互扶持，並且能夠攜手共創幸福的人生。這是愛情美滿、和諧幸福的象徵。無論你處於何種情感階段，此籤詩都帶來深厚的祝福與吉兆，表達出愛情的成功與圓滿。,,https://www.manekineko.com.tw/blog/yuelao57
58,"中
帷舊婚媾，
其能降以相從乎？",,這支籤詩談及舊有的婚姻或感情糾葛，並提出了質疑，是否真的能夠心平氣和地重新走到一起。籤詩隱含著一種對於舊愛重聚或過去的關係重修的疑問和困難，象徵著回首過去可能並非容易之事。此籤暗示著情感上的復合可能會面臨挑戰，甚至需要彼此都放下驕傲與執念，但即便如此，也未必能真正回到曾經的狀態。是一支帶有謹慎與思考意味的籤詩，提醒人們對待過去的情感需要理智與深思熟慮。,,https://www.manekineko.com.tw/blog/yuelao58
59,"中
膾炙，
所同也，
羊棗，
所獨也。",,"這支籤詩以「膾炙」與「羊棗」作為比喻，強調人們在喜好和選擇上的差異。膾炙意指美味佳餚，為人所共同欣賞和喜愛；而羊棗則是一種較為特殊、不是每個人都接受的滋味，象徵著個別的選擇和獨特的喜好。
強調人們在感情上有時會追求共同理想的關係，但也可能尋求特別、不同於他人的情感需求，暗示愛情和感情需要考慮到共同價值觀與個人特質，才能真正和諧共處。
此籤指出人們對感情的期望和需求可能各異，有些感情可能符合大眾的期待，大家都認同，但也有些愛情可能是特殊的、獨一無二的。籤詩提醒在感情中，要了解自己真正的需求，並清楚自己是否尋求一段「眾人所共」或「獨具一格」的感情，進而選擇適合的情緣。",,https://www.manekineko.com.tw/blog/yuelao59
60,"中
心茍不愆，何惜於人言。",,這支籤詩強調的是心正行直，無懼外人的評價。只要內心無愧，即使周遭有所批評或異議，也無須過於在意。籤詩提醒我們要堅守自己的信念和價值觀，尤其是在面對感情上的選擇或困境時，要以坦誠和自信的態度處之。這支籤詩顯示出在人際和感情中，外在的流言蜚語或他人的看法，不能動搖內心的堅定意志。,,https://www.manekineko.com.tw/blog/yuelao60
61,"上
不知其人，視其友。",,這支籤詩以「不知其人，視其友」來揭示如何了解他人的方式。詩意指若要了解某個人，透過觀察他交往的朋友和伴侶的品性，就能大致推測出他的為人。籤詩強調人際關係和交往圈的重要性，因為一個人與什麼樣的人為伍，往往反映出其性格、價值觀與生活態度。此籤對感情中的選擇尤其具有指引作用，建議你從對方的朋友圈與交往態度中進一步洞察對方的真正面貌，慎重做出感情抉擇。,,https://www.manekineko.com.tw/blog/yuelao61
62,"上上大吉
嘉耦曰配。",,「嘉耦」意指美好的配偶或伴侶，「曰配」則指婚配或結合。這支籤詩帶有強烈的喜兆，表示一段理想的姻緣或美好關係的成就。籤詩顯示出愛情的美好結局，象徵著天作之合、和諧美滿的伴侶關係。對於求得此籤的人而言，這是婚姻或愛情方面的祝福，預示著你將遇到或已經擁有合適的對象，彼此互相契合，能夠攜手共創幸福未來。,,https://www.manekineko.com.tw/blog/yuelao62
63,"中平
子規半夜猶啼血，
不信東風喚不回。",,這支籤詩以「子規」鳥在深夜悲鳴的形象，表達了哀傷與執著的情感。子規象徵一種深刻的思念與執念，無論如何努力也難以放下過去。籤詩進一步描述「不信東風喚不回」，表達對於失去之物仍懷抱希望，期盼東風（象徵轉機或新機會）能夠將過去的幸福重新帶回。整體來說，籤詩充滿了憂傷與期盼的複雜情感，隱含著對情感的執著以及對轉機的期待。,,https://www.manekineko.com.tw/blog/yuelao63
64,"上平
齊大非吾耦也。",,"這支籤提醒你，若追求過於不切實際或遠超自己範圍的愛情，可能不會帶來理想的結果。理想的感情需要建立在彼此契合的基礎上，而非強求或刻意追求不屬於自己的目標。
「門不當，戶不對，強求終難合。」
白話解釋： 雙方背景、價值觀或條件差異過大，縱使一時心動，長久相處恐生矛盾。此籤提醒「選擇適合的，而非最好的」，避免因勉強結合而徒增痛苦，在感情方面，它暗示著不適合的緣分，或是你所期望的對象可能並不符合你的實際需求。這首籤提醒求籤者，不要過度追求超出自己能力範圍的愛情，應該尋找真正適合自己的人，而非盲目追逐表面的條件。
此外，這首籤也可能代表某段關係的不對等，例如：經濟、社會地位、價值觀的巨大差異，導致感情難以維持，應理性看待自己的選擇。",,https://www.manekineko.com.tw/blog/yuelao64
65,"上平
在幽閨自憐。",,這支籤詩描繪了孤獨和自我感嘆的情感狀態。它提示你可能正處於情感上的低谷，內心封閉，渴望關愛卻不願打開心扉。籤詩勸人應走出孤寂的自憐，努力尋找外界的支持和緣分。,,https://www.manekineko.com.tw/blog/yuelao65
66,"中
驚起卻回頭，
有恨無人省。
揀尺寒枝不肯棲，
寂寞沙洲冷。",,"這支籤詩以一幅孤鶴徘徊於寒冷沙洲的畫面，描繪出一種孤寂、失落與無人理解的心境。鶴被驚起後回首而望，內心懷著遺憾與無奈，卻發現無人能真正理解它的處境。選擇停棲卻找不到合適的枝頭，只能孤獨地待在寂寞寒冷的沙洲上。籤詩強烈表達了對愛情或人際關係中的孤立感與無助。
這支籤詩象徵著情感上的挫折與無奈，特別是當你期待被理解和支持時，卻發現無人可依。籤詩提醒人們要面對孤單與寂寞，不必一味沉溺於過去的失落之中，唯有堅強面對困難，才能迎來新的機會，你在感情中因過往傷痛或高標準而自我封閉，寧可孤獨也不願妥協，但內心深處仍渴望被理解。此籤提醒：真正的良緣需要「堅持與智慧並存」，既守護自我，也給緣分機會靠近。",,https://www.manekineko.com.tw/blog/yuelao66
67,"上
再，斯可矣。",,這支籤詩簡潔卻充滿意味，暗示出「再來一次」便可能成功。此籤傳達出一種鼓勵與希望的訊息，表示不必輕易放棄，而是要持續努力，試圖突破困難。它可能反映出過去的嘗試尚未成功，或未完全達到目標，但未來仍有機會，只需再加一點努力或改變策略便有望成功。,,https://www.manekineko.com.tw/blog/yuelao67
68,"上平
茍有可觀。
皆有右樂，
匪必瑰奇假麗者也。",,這支籤詩指出「可觀」的事物，即便不是奢華奇麗，也能帶來心靈上的快樂與滿足。籤詩強調內在價值的重要性，認為真正的幸福並不一定源於外表華麗或特別的形式。簡單而真誠的事物，同樣可以讓人感到愉悅與充實。它告誡人們不要被表面的虛華迷惑，而要珍惜眼前的簡單美好。,,https://www.manekineko.com.tw/blog/yuelao68
69,"中
天下多負人，何必是。",,"這支籤詩透露出一種無奈和對人情冷暖的感嘆，意指人世間多有負心之人、未能守承諾的情況，而個人不必為此過於耿耿於懷。籤詩的寓意在提醒人們世事無常，與其糾結過去的失望，不如釋懷和放下，繼續往前走，尋找更值得信賴的人與事。它也暗示不要過於執著於那些已經過去的、不公正或失落的情感，因為這並不罕見，重要的是如何在經歷後重新前行。
這首籤詩表達了對人生中無法避免的失落或被背叛的情況的體會，提醒人們不要過於執著於那些負心之人，而應學會放下，轉向新的希望與目標。它也意在勸誡人們，感情上的波折並不罕見，重要的是如何以更成熟的心態面對。",,https://www.manekineko.com.tw/blog/yuelao69
70,"上平
利有攸往。",,這句籤詩表達的是一種吉祥之兆，指出「往」有利，也就是說在某個方向或目標上行動會帶來好處和收穫。它是一個鼓勵性的信息，意指當你有清晰目標、作出努力和行動時，便會有所回報。整體而言，這支籤詩具有較強的積極性，表示行事如果能秉持目標前行，不僅無虞，反而還能獲得預期之利。,,https://www.manekineko.com.tw/blog/yuelao70
71,"中上
雖有絲麻，
無棄菅蒯。
雖有姬姜，
無棄蕉萃。",,即便擁有高價值的東西，也不應該輕易遺棄那些曾經陪伴你的人或事。籤詩勸人重情重義，對於情感上的選擇，應以忠誠和珍惜為先，而非只考慮利害得失。,,https://www.manekineko.com.tw/blog/yuelao71
72,"下
以若所為，
求若所為，
猶緣大而魚也。",,"這支籤詩的寓意是對所追求的結果或期望，當你以某種方式行動或付出努力，但結果可能與期望不符，或過於追求過大的目標，反而可能徒勞無功。籤中「猶緣大而魚也」的意思，類似於「緣木求魚」，即企圖不切實際的行為終將徒勞。此籤提示在追求中要務實，避免過度理想化、空談或執著於不現實的目標。
你的行動與所追求的目標未必是合適匹配的，若執著於不現實的期望，容易導致失敗或失落。籤詩提醒要看清現實，不要一味追求過高或難以實現的東西。",,https://www.manekineko.com.tw/blog/yuelao72
73,"上吉
白雲初晴，
幽鳥相逐。",,這支籤詩以詩意的景象傳達出一種美好的境界。「白雲初晴」象徵困境過後的明朗景象，暗示經歷過風雨之後將迎來晴天和光明的前景；而「幽鳥相逐」則帶來輕鬆、和諧、彼此追隨的美好畫面，暗示著感情中的親密、和睦與幸福。這是一支非常吉利的籤，象徵戀愛、婚姻或人際關係都將迎來轉機與順遂，彷彿撥雲見日，煩惱消散，充滿希望與美好。,,https://www.manekineko.com.tw/blog/yuelao73
74,"中
恨相見晚也。",,"這支籤詩表達了一種遲來的相遇或感情中的遺憾。句中的「恨相見晚」意指在適當的時機之後才相遇，錯過了本應早些出現的緣分，心中難免有所遺憾。它可能暗示著一段重要的關係，無論是愛情還是友情，雖然彼此來得有些晚，但依然值得珍惜和把握。
這支籤反映的是遲來的美好相遇，或是因錯過的時間而心生遺憾。儘管感到晚了一些，但這段相遇依舊可能為彼此帶來深刻的影響，重要的是如何把握當下，而非一味沉浸在過去的惋惜中。",,https://www.manekineko.com.tw/blog/yuelao74
75,"下
則去偷香竊玉上用心，又不曾得甚。
自從海棠開，想到如今。",,"這支籤帶有一些負面的含義，描述了在追求感情中費盡心力卻未能如願的情境。「偷香竊玉」暗示以非正當方式或過於心急的手段追求愛情，但結果卻未能如願或感情無法成就。「海棠開」則象徵花期已過、青春流逝，或是曾經的美好景象已隨時間而去，令人在回憶中充滿遺憾與反思。
這支籤意指在愛情中付出許多心力，甚至用不適當的方法來達到自己的目標，結果卻徒勞無功。就如同花期已過的海棠，時間在流逝，令人心生感慨與遺憾。它是一種對過去失落的反思，勸誡人們要用正當、誠心的態度去面對愛情，才能長久。",,https://www.manekineko.com.tw/blog/yuelao75
76,"上
忘足，履之適也。
忘腰，帶之適也。",,"這首籤詩強調的是「舒適自如」的境界，當鞋子合腳時，走路便不會注意到自己的腳，當腰帶合適時，也不會覺得它的存在。這是一種「適合」、「契合」的感覺，當人或物達到了真正的合適狀態，就不再有壓力或不適感，彼此能夠自然融洽地相處。
這籤詩的隱喻在於感情或人際關係的和諧與契合。當兩個人彼此合適時，就如同穿上一雙合腳的鞋子，既舒適又無壓力，彼此相處自然愉快，毫無負擔。因此，這籤詩傳遞了一個簡單但深刻的道理：在感情中，合適的伴侶會讓你感到輕鬆自在，毫不費力地走過人生路途。",,https://www.manekineko.com.tw/blog/yuelao76
77,"上
標有梅，其實七兮。
求我庶士，迨其吉兮。",,"這首籤詩以梅樹結果為喻，強調成果來臨的時機。梅樹開花美麗，但結果少而稀，這裡的「七」數代表著結果不多，但仍有收穫。籤詩表明，雖然過程可能艱辛或漫長，但如果堅持不懈，終會有些許收穫。「求我庶士」則是在鼓勵尋求者，當機會來臨時，應該趁勢而為，抓住時機，這將帶來幸運和成功。
在感情層面，籤詩透露出一個信息：儘管感情的發展可能不是一帆風順，或者當下看似進展不大，但未來仍有成功的機會。籤詩提醒在尋找愛情的過程中，需要耐心和等待，並在適當的時機採取行動，才有可能獲得美好的結局。",,https://www.manekineko.com.tw/blog/yuelao77
78,"中
欲速則不達。
見小利，則大事不成。",,"這首籤詩傳達的是「穩重與耐心」的重要性，提醒人們切勿過於急躁，否則反而會適得其反。急於達成某個目標，特別是在感情或生活中的重大決定時，往往會因為缺乏耐心和考慮不周，導致最後無法成功。同時，「見小利，則大事不成」則警示，如果只關注眼前的短期利益，忽略長遠的發展目標，最終會錯失更大的機會。
在感情中，這籤詩提示不要太過心急，不要因為小小的成功或一時的好感就草率決定，反而要細心培養感情，讓感情逐步穩定發展。過於急躁或看重短期的利益，最終可能會錯過真正適合的對象，或導致關係破裂。",,https://www.manekineko.com.tw/blog/yuelao78
79,"上
更灑遍客舍青青，千縷柳色新。",,"這首籤詩充滿了春意盎然的意象，「灑遍客舍青青」讓人聯想到春雨滋潤大地，讓萬物煥然一新，充滿生機。「千縷柳色新」則是描繪了柳樹發芽、春意盎然的景象，預示著新的開始和充滿希望的未來。籤詩整體意境優美，暗示著在感情或人生的旅途中，經歷過一些波折或停滯後，將迎來轉機，煥發新的生機和希望。
這籤詩強調的是一種新的起點，無論是感情還是生活的其他方面，之前的困難或壓力將逐漸消散，新的機會正在來臨。籤詩透露出一種積極向上的能量，提示著有好事即將發生，只要耐心等待，機會終將到來。",,https://www.manekineko.com.tw/blog/yuelao79
80,"上
悲莫悲兮生別離，樂莫樂兮新相知。",,"這首籤詩以「生別離」和「新相知」的對比，表現出感情中兩種強烈的情感狀態。上句「悲莫悲兮生別離」指出，人生中最痛苦的事莫過於與摯愛之人的分離，這種分離不僅帶來情感的巨大痛苦，也會讓人深刻體會到感情的無常。下句「樂莫樂兮新相知」則描寫了重新認識新朋友或新愛人的快樂，這種情感中的新鮮感和興奮感，往往會讓人暫時忘卻過去的悲傷。
這籤詩傳達了一個信息：感情世界中總有離別的痛苦，但同時也有新相識帶來的希望與喜悅。無論你正在經歷分離的痛苦，還是剛開始一段新的戀情，籤詩提醒你，悲歡離合是人生的一部分，不要因為過去的傷痛而拒絕新機會，也不要在新的情感中過於急躁，要珍惜當下的相遇與緣分。",,https://www.manekineko.com.tw/blog/yuelao80
81,"中
經之營之，不日成之。",,"籤詩傳達的是「持之以恆，終能成功」的信念。意思是，只要你經過謹慎的計劃與努力，事情最終將會圓滿達成。「經之營之」強調規劃和付出過程中的細緻與耐心，而「不日成之」則預示成功近在眼前，提醒你繼續堅持，成功並不遙遠。
感情方面，這籤詩預示著穩定而有計劃的發展，無論是追求中還是進入一段穩定關係，都需要耐心、付出和努力。過程或許會有一些阻礙，但只要保持信心與持續的投入，感情或婚姻的願望將會實現。這籤詩也暗示你目前處於一個需要更多時間和耐心的階段，不能急於求成，應該逐步累積成果。",,https://www.manekineko.com.tw/blog/yuelao81
82,"上上
行去耶，
前朱雀而後玄武，
左青龍而右白虎。",,"這籤詩以古代的四象方位象徵：朱雀、玄武、青龍、白虎，描繪出一個平衡且保護的局面。籤詩的意思是說，你正處於一個非常有利的時機和環境中，無論前後左右都有守護的力量在支撐著你。這暗示了在你的感情、人生道路上，一切已經安排妥當，四方皆有力量助你前行，成功近在眼前。
「前朱雀而後玄武」代表你前有機會，後有支持；「左青龍而右白虎」則意味著左右有助力，所有的事情都在正確的軌道上進行。這樣的局勢不僅意味著感情上的順利，還預示著整體人生道路的穩定與成就。",,https://www.manekineko.com.tw/blog/yuelao82
83,"下
姑舍是。",,"「姑舍是」的意思可以理解為「暫且放下」，這句籤詩暗示你目前可能面臨一個暫時無法解決的問題或困境，籤詩建議你應該暫時放手或停下腳步，不要過於執著。這是一種提醒，現階段的執行或追求可能並不順利，最好停下來觀察，或者換個方式思考問題。
感情方面，這籤詩顯示出現階段的進展可能遇到一些阻礙或不如預期，提醒你不要過度堅持或強行推動，適當的放手或退讓反而可能帶來新的契機。這並不代表永遠放棄，而是給自己和對方更多的空間，待時機成熟後再重新出發。",,https://www.manekineko.com.tw/blog/yuelao83
84,"上平
勸君莫惜金縷衣，
勸君惜取少年時，
花開堪折直需折，
莫待無花空折枝。",,"這籤詩勸誡人們不要過於執著於外在的物質或表象（如金縷衣），而應珍惜年輕時光，並在適當的時機抓住機會（如花開時便應摘取）。這籤詩暗示時機和青春是短暫的，感情或生活中遇到好的機會應當及時把握，不要因猶豫或拖延而錯過良機，最後只能徒然後悔。這種「及時行樂」的態度強調行動的重要性，提醒人們珍惜當下。
在感情方面，籤詩的核心建議是不要過度猶豫或觀望，當愛情來臨時應該勇敢追求，否則可能錯過對的人。人生中很多機會都是短暫的，猶豫不決可能導致錯失珍貴的機遇，這也是對青春年華和生命短暫的警示。",,https://www.manekineko.com.tw/blog/yuelao84
85,"上上大吉
得其所哉，
得其所哉。",,這籤詩言簡意賅，重複的「得其所哉」既是對理想狀態的肯定，也代表一種宇宙能量的對應與和諧——無論在感情、事業、生活上，都象徵著你與合適的緣分、環境在彼此的磁場中共鳴，彷彿所有的努力、願望終於落到了「天時地利人和」的節奏裡。這樣的祝福來自於你的內在與外在達到平衡與共振的時刻，是能夠順利體驗幸福的時機。,,https://www.manekineko.com.tw/blog/yuelao85
86,"中
河漢清且淺，
相去復幾許，
盈盈一水間，
脈脈不得語。",,「河漢清且淺，相去復幾許，盈盈一水間，脈脈不得語」帶有濃厚的情感隱喻，描述的是一段充滿曖昧卻無法突破的情感。這種情境彷彿是兩人之間相互吸引，卻因緣分不足或外在阻隔，導致彼此無法走近。河水清澈而淺，卻難以跨越，暗示愛情中看似近在咫尺，實際卻隔著一道無形的障礙。,,https://www.manekineko.com.tw/blog/yuelao86
87,"下
便如鳳去秦樓，
雲斂巫山。",,「便如鳳去秦樓，雲斂巫山」，描繪了一幅離別的畫面，如鳳凰飛離宮殿，雲霧籠罩巫山，象徵美好緣分的逝去與無法把握。這籤詩提醒求籤者放下不必要的執著，學會接受無法掌控的變化，從過往中汲取經驗，重新聚焦自身的成長。,,https://www.manekineko.com.tw/blog/yuelao87
88,"中
是非吾所謂情也。",,"這句籤詩語意簡練卻意境深遠，表達了對情感的某種無奈和釋懷。籤詩意在說明，是非並非真情的本質，過度糾結於「是非對錯」會讓情感變得複雜甚至變質。這句話提醒我們，在愛情或人際關係中，不要陷入不必要的計較，學會接受他人與自己的不完美，才能經營出更為和諧的關係。
在感情中，這籤詩代表著學會放下對彼此的過多期待和責備，專注於情感的純粹和真實，而不是計較每個細節的對錯。若過於堅持自己對情感的看法和標準，反而會阻礙情感的發展。這是一個呼籲理性看待愛情的籤詩，學會包容才能讓愛更長久，情感的核心不在於誰對誰錯，而在於彼此的包容和理解。如果只專注於爭論是非、講求對錯，情感可能因此變得冷淡。當雙方放下計較與偏見，才能讓愛情更加穩定與長久。",,https://www.manekineko.com.tw/blog/yuelao88
89,"中
卜以決疑，
不疑何卜。",,"此籤以簡潔的句子指出占卜的目的乃為「解疑」，若無疑問，何需求籤？籤詩提醒求籤者要先了解自身內心真正的疑惑與需求，不要因過多的懷疑或不安而使內心失去平衡。這是一句直指內心的籤詩，意在提醒你，清楚自己所求，才能更有效地解決問題。對於感情問題而言，籤詩暗示多疑、糾結於小事的心態，可能會讓關係變得緊張或不穩定，應該直面真實感受，才能更好地理清情況。
此籤也有「信任」的含義，即若你對彼此的感情足夠信任，便無需頻繁地求證或懷疑。無論是對感情、事業、還是生活的其他面向，籤詩的核心建議是「信念」。過於依賴外界的建議或頻繁求問，不如平靜心態、遵循內心的感覺，這樣才能找到內心真正的答案。
籤詩提醒我們，占卜是用來解決疑惑的，如果你對某事毫無疑惑，那就不需要透過求籤來尋求指引。過於在意外界的答案或別人的想法，反而會讓內心越發焦躁，難以做出正確的選擇。無論是愛情還是其他方面的事情，信任自己的判斷，心無旁騖，便能更接近問題的核心。",,https://www.manekineko.com.tw/blog/yuelao89
90,"上
兩情若是長久時，
又豈在朝朝暮暮。",,"此籤詩道出愛情的真諦：真正的愛情若能長久堅定，並不拘泥於是否能朝夕相伴。這句籤詩以精煉的文字表達出「心靈相通」的深刻內涵，提醒我們愛情的本質並非表面的接近，而是內心深處的連結。即使兩人分隔兩地，若彼此心意相通，感情仍然可以長久不變。此籤適合那些經歷遠距離或長時間分離的情侶，籤意鼓勵他們堅定內心的愛意，不因一時的困難而動搖。
從此籤的智慧看來，愛情更重在「理解與支持」，而非「佔有與依賴」。這是一種較高層次的情感境界，即便不能時時相見，彼此仍能為對方祝福，這樣的情感往往更深刻且珍貴。籤詩也提醒我們要學會在感情中「保持距離中的親密」，當心靈間的信任足夠堅固，距離便成為增進愛情的考驗，而不是阻礙。
真正長久的感情並不在於天天見面，而在於心靈的默契。若兩人的心靈能夠互相契合，即使分隔兩地，愛情依然能持久。這籤詩告訴我們不要過於執著於表面的朝夕相處，而是學會珍惜心靈上的相知與信任。",,https://www.manekineko.com.tw/blog/yuelao90
91,"上
你往事已沉，
我只言自今。",,"這首籤詩中帶有勸慰與放下的涵義。過去的事情已經過去，不需再為此煩憂，重要的是從現在開始，如何重新出發、向前邁進。此籤意指緣分已來到一個新的起點，舊日的情結應該放下，轉而專注於當下與未來。它帶著鼓勵意味，提醒人們放下過去的傷痕，無論是感情中的遺憾、錯過，或其他心中的執著，都可以在當下找到新的開始。若能專注於當下，生活中便會有更多的希望與機遇。
這首籤詩適合於那些正在回顧或執著過去感情的人，鼓勵他們從這些記憶中走出來，開始一段新的旅程。詩句中「你往事已沉」是讓人放下包袱的提示，而「我只言自今」則帶來積極向前的能量，啟發人們把握當下的幸福。
你的過去已經成為歷史，不需再糾結於往事。我現在只要告訴你，應當專注於當下，不再沉溺於過去的情感或遺憾。這籤詩提醒你，過去的事情已經成為記憶，現在是你重新開始的最佳時機。",,https://www.manekineko.com.tw/blog/yuelao91
92,"中
明明如月，
何時可掇。",,這支籤詩描繪了一種向往與無奈之情。「明明如月」形容美好的事物或目標如皎潔的明月，清晰可見、光彩奪目，但卻遙不可及。此籤表達了一種對理想的渴望與無法輕易獲得的困難，寓意著當前的目標或感情雖近在眼前，卻不容易真正擁有。這也暗示在追求愛情或夢想的過程中，可能存在較大的阻礙，需要耐心與堅持。,,https://www.manekineko.com.tw/blog/yuelao92
93,"上上
而浮生若夢，
為歡幾何？",,"這首籤詩蘊含著人生如夢、歡樂短暫的哲理。它提醒人們，生命如同流水般稍縱即逝，應該珍惜當下，把握生命中的美好與快樂。詩中所表現的不僅是對時間的感慨，更是一種對愛情和生活態度的提醒：無論是愛情還是生活，都應以珍惜為核心，莫要錯失眼前的幸福，尤其是當有好的緣分出現時，不要因為猶豫或顧慮太多而錯失機會。
此籤多用於指引人在感情上更勇敢地去追尋真愛，或在婚姻中學會珍惜彼此。感情如同一場夢境，與其追求完美的結局，不如珍惜當下擁有的一切。
人生像夢一般短暫，快樂的時光又能有多久？這籤詩提醒你珍惜眼前，無論是愛情還是生活，都應學會活在當下，把握機會，不要讓遺憾成為生命的主題。",,https://www.manekineko.com.tw/blog/yuelao93
94,"中
巧言令色，
鮮矣仁。",,"這首籤詩出自《論語》，孔子曾批評那些善於巧言花語、用虛假表情取悅他人的人，這樣的人很少是真正仁愛之人。籤詩意在提醒人們，交友或選擇伴侶時應注意對方是否真誠，莫被外在的甜言蜜語所迷惑，而忽略了對方內心的真實面貌。
在感情方面，這籤詩特別警示那些外表吸引人但內心虛偽的人，尤其是在情感選擇上，應多觀察對方的行為是否與言語一致，而非只聽信對方的甜言蜜語。愛情需要建立在誠實和真心的基礎上，若對方過於言辭浮誇，反而需要多加謹慎。
說話巧妙動聽、表情討人喜歡的人，往往缺乏真正的仁愛之心。這籤詩提醒你，在感情或人際交往中要注重真誠，提防那些表裡不一、只用話語討好你的人。",,https://www.manekineko.com.tw/blog/yuelao94
95,"上
螽斯羽，
薨薨兮。
宜爾子孫，
繩繩兮。",,"這首籤詩出自《詩經·小雅》，以螽斯（一種蝗蟲）繁茂的羽翼，象徵家族繁榮、子孫綿延不絕。詩中充滿了祝福意味，寓意子孫繼代，家族興旺，延綿不息。詩中的「薨薨」形容螽斯振翅的聲音，顯示生生不息、活力盎然的景象。
在感情和家庭層面，此籤帶有深厚的福氣與祈願，代表感情穩固、家庭幸福，婚姻可能孕育出和諧美滿的下一代，象徵愛情與生命的延續。籤詩表明，無論是感情、婚姻還是家庭運勢，都具備穩定且幸福的能量。",,https://www.manekineko.com.tw/blog/yuelao95
96,"上上
雖執鞭之士，吾亦為之。",,"此籤寓意一種高尚的謙遜與無怨無悔的奉獻精神。“雖執鞭之士，吾亦為之”表示無論身處何等位置，即使從事卑微的工作或承擔辛苦的角色，也願意投入並付出。此籤帶有尊重自我價值和對責任心的強烈認同，顯示在困難或挑戰中堅毅不拔、無怨無悔的態度，最終能夠獲得相應的回報與肯定。
在感情層面，這籤詩意指無論身處何種位置，若真心相愛，無論高低貴賤，彼此都應以真誠和付出為基礎。籤詩也隱喻對未來幸福的追求需要腳踏實地的努力，而非一味等待奇蹟降臨。",,https://www.manekineko.com.tw/blog/yuelao96
97,"中
歸楚，楚人不信。
歸漢，漢人震恐。
足下欲持是安歸乎？",,"此籤象徵選擇與歸屬的困境，亦反映在人際關係、感情或人生抉擇中的徬徨與不確定性。
「歸楚，楚人不信」意指當你選擇靠近某方時，可能會面臨懷疑與不被接納的情況。
「歸漢，漢人震恐」則意味選擇另一條路，可能也會帶來壓力或震動局勢的影響。
籤詩的最後一句，點出核心問題：「足下欲持是安歸乎？」——這是一種對內心抉擇的追問，提示你需要在混亂中找到真實的自己，決定方向，無論選擇哪條路，都要對自己的決定負責並勇敢承擔結果。
籤詩也暗示，外界的評價與反應不應成為你唯一考量的因素，真正重要的是你內心的安穩與堅定。
當你面臨選擇時，無論去哪裡，都可能會遇到不同的阻力與挑戰。這支籤詩提醒你，不要因為別人的不信任或反對而動搖自己的決定。最重要的是找到真正適合自己的歸屬，並對自己的選擇負責，無需過於擔憂他人的反應。",,https://www.manekineko.com.tw/blog/yuelao97
98,"上
昨夜江邊春草生，
艨艟巨艦一毛輕，
向來枉費推移力，
此日中流自在行。",,"這支籤詩帶有希望與解脫的象徵，描繪了一段從困難到順遂的轉折過程。
「昨夜江邊春草生」暗示新的機會與生機正在萌芽，過去的停滯狀態將逐漸消散。
「艨艟巨艦一毛輕」形容曾經感覺無法克服的壓力與重擔，如今變得輕如鴻毛。
「向來枉費推移力」點出過去的努力可能看似徒勞，但實際上已為現在的進展奠定了基礎。
「此日中流自在行」象徵在逆流中找到平衡與力量，如今已能順利前行，收穫努力的果實。
昨晚河邊的春草開始萌芽，象徵新希望的降臨。曾經感覺無比沉重的負擔，如今顯得輕而易舉。過去的辛苦雖然看似沒有結果，但正是這些累積，讓今天的順遂成為可能。如今，你終於能在河流中央順利地航行，充分享受努力後的成果。
籤詩蘊含著勸誡：人生中雖有低谷與阻礙，但只要堅持與等待，時機來臨時便能如行舟般自在前行。",,https://www.manekineko.com.tw/blog/yuelao98
99,"中
必先苦其心志。",,"這支籤詩以短短的七字道出一段人生的真諦，表明成就幸福或成功之前，必須經歷心志的磨煉與艱辛。
「必先苦其心志」源於古訓，意指在成大事、得真愛之前，總會面臨困難和挑戰。這些磨練並非命運的懲罰，而是成長的必經之路。
籤詩提醒，唯有經歷挫折，才能鍛造強韌的心志，為未來的幸福鋪平道路。
這支籤詩強調一個重要的理念：不要害怕眼前的困難，因為它們會帶來更大的突破與收穫。感情和人生一樣，都需要耐心和堅毅。
如果你現在感到迷茫或受挫，請不要灰心，因為這些挑戰是為了磨煉你的心志，讓你成為一個更強大、更成熟的人。只有經歷過這樣的考驗，你才能更加珍惜未來所擁有的幸福。耐心面對眼前的困難，成長與希望就隱藏在其中。",,https://www.manekineko.com.tw/blog/yuelao99
100,"上上
花好、月圓、人壽。",,"此籤詩展現了一幅幸福美滿的生活畫面，以「花好」、「月圓」、「人壽」為象徵，點出愛情的美好、家庭的圓滿以及生命的延續與健康，表明了一種極為吉祥的氣象。這是一支象徵祝福的籤，無論在愛情、事業還是家庭方面，均有順利與和諧的能量。
「花好」：代表感情的順利、愛情的甜蜜與幸福，特別是正在萌芽的戀情或穩定的感情發展。
「月圓」：象徵團圓與圓滿，無論是家人、伴侶或朋友，這都是人際關係融洽的象徵。
「人壽」：代表健康、長壽與生命力，這是幸福生活的基石。
籤詩暗示，若能珍惜當下，把握幸福，便能實現理想的美好生活。同時也提醒，幸福不是理所當然，而是需要經營與感恩才能持續延續。",,https://www.manekineko.com.tw/blog/yuelao100
101,"籤王
佳偶天成，
神仙美眷也。
夫復何求?",,"這是一支極為吉祥的籤詩，堪稱籤王。它描述了天作之合的美好姻緣，像是神仙眷侶般的幸福無瑕，幾乎無可挑剔。「佳偶天成」點明兩人感情深厚，緣分天注定，無須強求便能攜手共度人生。「神仙美眷」則強調感情的穩定與甜蜜，宛如天賜良緣，難能可貴。
這支籤預示著愛情或婚姻已然抵達圓滿的境界，對於正處於感情中的人來說，是一種肯定與祝福；而對於尚在尋愛的人，也預示著未來的感情充滿希望與美好。
這支籤詩告訴我們，當兩個人能走到一起，並且感情深厚、契合如神仙眷侶般和諧，那便是命運的最好安排。這樣的幸福來自於彼此珍惜和天意眷顧，是不可多得的良緣。若已擁有，便要感恩珍惜；若尚未遇到，則要抱持希望，因為命中注定的佳偶終會來到。",,https://www.manekineko.com.tw/blog/yuelao101